id,Name,Position,Height,Weight,Age,GP,REB,AST,STL,BLK,PTS,Salary
1,"Stephen Curry",G,188,84,35,63,345,363,77,8,2015,3000
2,"Damian Lillard",G,188,88,32,67,283,505,62,17,1928,3000
3,"Nikola Jokic",C,211,129,28,72,780,599,95,48,1898,3000
4,"Bradley Beal",G,193,94,30,60,283,265,69,22,1878,3000
5,"Luka Doncic",G,201,104,24,66,527,567,64,36,1830,3000
6,"Giannis Antetokounmpo",F,213,110,28,61,671,357,72,73,1717,3000
7,"Devin Booker",G,196,93,26,67,281,289,53,16,1712,3000
8,"Julius Randle",F,203,113,28,71,724,427,64,18,1712,3000
9,"Jayson Tatum",F,203,95,25,64,472,276,75,31,1692,3000
10,"Zion Williamson",F,198,129,22,61,441,226,57,39,1647,3000
11,"Nikola Vucevic",C,208,118,32,70,817,269,65,48,1639,3000
12,"Trae Young",G,185,74,24,63,245,594,53,12,1594,3000
13,"Zach LaVine",G,196,91,28,58,289,282,46,27,1591,3000
14,"De'Aaron Fox",G,191,84,25,58,203,417,87,27,1461,3000
15,"Collin Sexton",G,188,86,24,60,187,262,62,10,1460,3000
16,"Joel Embiid",C,213,127,29,51,539,145,50,69,1451,3000
17,"Kyrie Irving",G,188,88,31,54,257,324,76,37,1451,3000
18,"Brandon Ingram",F,203,86,25,61,299,296,42,36,1450,3000
19,"Russell Westbrook",G,191,91,34,65,750,763,89,23,1445,3000
20,"Jaylen Brown",F,198,101,26,58,347,195,72,32,1430,3000
21,"Terry Rozier",G,185,86,29,69,302,293,87,26,1407,3000
22,"Donovan Mitchell",G,185,98,26,53,235,277,52,15,1401,3000
23,"Anthony Edwards",G,193,102,21,72,336,211,82,36,1392,1000
24,"Khris Middleton",F,201,101,31,68,406,370,74,9,1385,3000
25,"Andrew Wiggins",F,201,89,28,71,347,167,67,70,1320,1000
26,"DeMar DeRozan",F,198,100,33,61,259,422,56,15,1316,3000
27,"Kawhi Leonard",F,201,102,32,52,337,269,81,21,1292,3000
28,"Norman Powell",G,193,98,30,69,215,129,82,18,1283,1000
29,"RJ Barrett",G,198,97,23,72,414,217,53,20,1264,1000
30,"Domantas Sabonis",C,216,109,27,62,742,415,76,33,1260,3000
31,"Paul George",F,203,100,33,54,359,280,62,24,1259,3000
32,"Jordan Clarkson",G,196,88,31,68,274,168,61,10,1251,1000
33,"Karl-Anthony Towns",F,213,112,27,50,529,225,39,57,1239,3000
34,"Bojan Bogdanovic",F,201,103,34,72,281,136,45,4,1225,1000
35,"Tobias Harris",F,201,103,30,62,419,220,55,51,1210,1000
36,"Jerami Grant",F,203,95,29,54,250,152,35,58,1205,3000
37,"Ja Morant",G,188,79,23,63,252,465,57,13,1204,1000
38,"Bam Adebayo",C,206,116,25,64,573,346,75,66,1197,1000
39,"Pascal Siakam",F,203,104,29,56,405,250,64,37,1196,3000
40,"Malcolm Brogdon",G,193,104,30,56,294,329,49,15,1186,3000
41,"Buddy Hield",F,193,100,30,71,334,257,63,30,1176,1000
42,"Tim Hardaway Jr.",F,196,93,31,70,229,126,31,11,1163,1000
43,"Michael Porter Jr.",F,208,99,25,61,445,70,40,54,1162,1000
44,"Dillon Brooks",F,198,102,27,67,196,157,78,26,1151,1000
45,"Chris Paul",G,183,79,38,70,312,622,99,19,1149,1000
46,"LeBron James",F,206,113,38,45,346,350,48,25,1126,3000
47,"Jimmy Butler",F,201,104,33,52,359,369,108,18,1116,3000
48,"John Collins",F,206,103,25,63,467,78,34,63,1111,1000
49,"CJ McCollum",G,191,86,31,47,185,223,44,21,1087,3000
50,"James Harden",G,196,100,33,44,348,475,53,33,1083,3000
51,"Jonas Valanciunas",C,211,120,31,62,776,112,35,57,1058,1000
52,"Dejounte Murray",G,196,82,26,67,473,363,101,7,1051,1000
53,"Jrue Holiday",G,196,93,33,59,268,357,96,37,1046,1000
54,"Coby White",G,196,88,23,69,284,328,38,15,1041,1000
55,"Fred VanVleet",G,183,89,29,52,220,328,87,37,1019,1000
56,"Jamal Murray",G,193,98,26,48,194,231,64,13,1018,3000
57,"Rudy Gobert",C,216,117,31,71,960,89,40,190,1015,1000
58,"Deandre Ayton",C,213,113,24,69,727,99,41,81,997,1000
59,"Joe Harris",F,198,100,31,69,248,130,46,14,974,1000
60,"Mikal Bridges",G,198,95,26,72,309,152,76,63,970,1000
61,"Clint Capela",C,208,116,29,63,903,49,44,129,956,1000
62,"Caris LeVert",G,198,93,28,47,214,245,66,30,948,3000
63,"Kelly Olynyk",C,211,109,32,70,489,203,79,42,945,1000
64,"Kevin Durant",F,208,109,34,35,247,195,25,45,943,3000
65,"Duncan Robinson",F,201,98,29,72,250,127,43,20,942,1000
66,"Darius Garland",G,185,87,23,54,129,329,66,6,941,1000
67,"Dennis Schroder",G,185,78,29,61,211,351,70,13,941,1000
68,"Harrison Barnes",F,203,102,31,58,385,201,43,11,933,1000
69,"Montrezl Harrell",C,201,109,29,69,428,73,46,49,931,1000
70,"Carmelo Anthony",F,201,108,38,69,214,104,46,38,924,1000
71,"Doug McDermott",F,198,102,31,66,221,85,20,6,899,1000
72,"Gary Trent Jr.",G,196,95,24,58,152,80,56,10,888,1000
73,"Keldon Johnson",F,196,100,23,69,412,121,40,24,881,1000
74,"Kyle Kuzma",F,206,100,27,68,417,127,35,41,874,1000
75,"Eric Bledsoe",G,185,97,32,71,244,268,55,24,869,1000
76,"Richaun Holmes",C,203,107,29,61,504,101,39,96,869,1000
77,"Kristaps Porzingis",F,221,109,27,43,381,68,20,58,865,3000
78,"Gordon Hayward",F,201,102,33,44,258,181,52,14,863,1000
79,"Christian Wood",C,206,97,27,41,395,71,34,48,860,3000
80,"Brook Lopez",C,216,128,35,70,347,50,40,103,859,1000
81,"Jalen Brunson",G,188,86,26,68,231,239,35,1,857,1000
82,"Saddiq Bey",F,201,98,24,70,318,95,52,14,857,1000
83,"Kyle Anderson",F,206,104,29,69,396,250,84,57,854,1000
84,"Kelly Oubre Jr.",F,198,92,27,55,329,73,57,42,849,1000
85,"Miles Bridges",F,201,102,24,66,397,147,44,52,840,1000
86,"Shai Gilgeous-Alexander",G,198,88,24,35,166,207,27,23,830,3000
87,"Ben Simmons",G,208,109,26,58,417,401,93,35,829,1000
88,"Kemba Walker",G,183,83,33,43,170,212,48,12,829,1000
89,"Josh Jackson",G,203,94,25,62,254,143,53,47,828,1000
90,"Mike Conley",G,185,79,35,51,177,305,70,9,827,1000
91,"P.J. Washington",F,201,104,24,64,418,161,69,79,824,1000
92,"John Wall",G,191,95,32,40,129,275,42,31,823,3000
93,"Thaddeus Young",F,203,107,35,68,423,291,74,40,823,1000
94,"Kevin Huerter",G,201,90,24,69,231,241,82,18,822,1000
95,"Chris Boucher",F,206,91,30,60,404,63,35,111,818,1000
96,"Shake Milton",G,196,93,26,63,148,193,39,18,817,1000
97,"Devonte' Graham",G,185,88,28,55,148,295,48,6,816,1000
98,"Kendrick Nunn",G,191,86,27,56,179,148,52,14,816,1000
99,"Tyler Herro",G,196,88,23,54,268,184,35,17,815,1000
100,"Joe Ingles",F,206,100,35,67,244,318,45,12,809,1000
101,"Enes Freedom",C,208,113,30,72,795,84,33,48,806,1000
102,"Jarrett Allen",C,206,110,25,63,631,106,32,90,806,1000
103,"LaMelo Ball",G,201,82,21,51,302,313,81,18,803,1000
104,"Lonzo Ball",G,198,86,24,55,263,316,82,31,802,1000
105,"D'Angelo Russell",G,193,88,27,42,111,244,45,18,796,1000
106,"Jae'Sean Tate",F,196,104,27,70,374,178,85,36,794,1000
107,"Kyle Lowry",G,183,89,37,46,247,338,45,14,791,1000
108,"Rui Hachimura",F,203,104,25,57,312,82,44,7,789,2500
109,"Dwayne Bacon",G,198,100,25,72,224,93,45,5,788,2500
110,"Anthony Davis",C,208,115,30,36,286,110,45,59,786,3000
111,"Naz Reid",C,206,120,23,70,322,72,34,76,784,2500
112,"Marcus Morris Sr.",F,203,99,33,57,234,58,34,15,765,2500
113,"Justin Holiday",F,198,82,34,72,256,119,74,41,756,2500
114,"Bobby Portis",F,211,113,28,66,466,71,52,26,754,2500
115,"Darius Bazley",C,206,98,23,55,396,99,29,25,754,2500
116,"Tyrese Haliburton",G,196,84,23,58,173,309,77,28,753,2500
117,"Jeff Green",F,203,107,36,68,263,108,36,27,750,2500
118,"Lou Williams",G,188,79,35,66,138,225,47,6,749,2500
119,"Patty Mills",G,183,82,34,68,116,162,42,3,736,2500
120,"Derrick Rose",G,191,91,34,50,130,209,49,19,734,2500
121,"Immanuel Quickley",G,188,86,24,64,137,127,30,12,731,2500
122,"Luguentz Dort",F,193,100,24,52,189,88,45,19,729,2500
123,"Malik Beasley",G,193,85,26,37,162,88,30,7,724,2500
124,"Bogdan Bogdanovic",G,196,102,30,44,160,147,49,13,720,2500
125,"Evan Fournier",G,198,93,30,42,128,144,47,19,719,2500
126,"Terrence Ross",G,201,93,32,46,158,108,47,21,717,2500
127,"Rudy Gay",F,203,113,36,63,303,88,45,40,716,2500
128,"Josh Richardson",G,198,91,29,59,195,153,61,24,715,2500
129,"Reggie Jackson",G,188,94,33,67,192,205,41,7,715,2500
130,"Seth Curry",G,185,84,32,57,136,155,44,8,711,2500
131,"Will Barton",G,196,82,32,56,226,181,50,23,711,2500
132,"Reggie Bullock Jr.",G,198,92,32,65,223,99,52,11,709,2500
133,"Bryn Forbes",G,188,93,29,70,112,45,24,1,701,2500
134,"Lauri Markkanen",F,213,109,26,51,268,45,26,15,695,2500
135,"Donte DiVincenzo",G,193,92,26,66,380,203,72,15,688,2500
136,"Andre Drummond",C,211,127,29,46,551,94,63,49,687,2500
137,"OG Anunoby",F,201,105,24,43,237,94,66,32,682,2500
138,"Danilo Gallinari",F,208,107,33,51,211,76,30,10,676,2500
139,"Goran Dragic",G,193,86,37,50,169,219,33,8,672,2500
140,"Lonnie Walker IV",G,193,93,24,60,155,101,29,15,669,2500
141,"Theo Maledon",G,196,79,22,65,211,227,56,11,658,2500
142,"Davis Bertans",F,208,102,30,57,168,49,33,13,655,2500
143,"Patrick Williams",F,201,98,21,71,327,99,64,46,655,2500
144,"Danny Green",G,198,98,36,69,260,118,92,56,654,2500
145,"Kentavious Caldwell-Pope",G,196,93,30,67,179,127,62,26,653,2500
146,"Victor Oladipo",G,191,97,31,33,160,151,46,14,652,2500
147,"Ivica Zubac",C,213,109,26,72,519,90,24,62,650,2500
148,"Isaac Okoro",F,196,102,22,67,206,128,62,24,646,2500
149,"Delon Wright",G,196,84,31,63,269,278,101,30,645,2500
150,"Robin Lopez",C,213,127,35,71,272,55,15,44,642,2500
151,"Elfrid Payton",G,191,88,28,63,216,203,47,9,639,2500
152,"Daniel Theis",C,203,111,31,65,356,108,41,57,627,2500
153,"Marcus Smart",G,193,100,29,48,167,273,72,23,627,2500
154,"Desmond Bane",G,196,98,25,68,210,118,41,16,625,2500
155,"Alec Burks",G,198,97,31,49,227,107,31,14,623,2500
156,"Aaron Gordon",F,203,107,27,50,284,161,33,34,618,2500
157,"Cedi Osman",F,201,104,28,59,201,174,53,9,613,2500
158,"Jordan Poole",G,193,88,24,51,92,99,26,9,612,2500
159,"Brandon Clarke",F,203,98,26,59,328,95,60,51,610,2500
160,"Marvin Bagley III",C,208,107,24,43,318,43,21,21,608,2500
161,"Wendell Carter Jr.",C,208,122,24,54,443,104,35,42,606,2500
162,"Cole Anthony",G,191,84,23,47,221,192,30,18,605,2500
163,"Hamidou Diallo",F,196,92,24,52,272,101,41,24,604,2500
164,"Jae Crowder",F,198,107,32,60,282,127,48,27,603,2500
165,"T.J. McConnell",G,185,86,31,69,256,456,128,23,596,2500
166,"Jakob Poeltl",C,216,111,27,69,547,134,47,123,593,2500
167,"Robert Covington",F,201,95,32,70,466,117,101,84,593,2500
168,"Myles Turner",C,211,113,27,47,306,48,40,159,592,2500
169,"Dorian Finney-Smith",F,201,100,30,60,326,102,52,25,590,2500
170,"Talen Horton-Tucker",G,193,106,22,65,169,181,63,21,585,2500
171,"Ricky Rubio",G,188,86,32,68,223,433,98,4,582,2500
172,"Mason Plumlee",C,213,115,33,56,519,202,43,50,581,2500
173,"Bruce Brown",F,193,92,26,65,349,104,58,28,573,2500
174,"Cameron Johnson",F,203,95,27,60,199,86,37,16,573,2500
175,"Landry Shamet",G,193,86,26,61,112,99,31,10,567,2500
176,"Svi Mykhailiuk",F,201,93,26,66,163,110,51,12,559,2500
177,"Raul Neto",G,188,82,31,64,156,146,73,6,557,2500
178,"Derrick White",G,193,86,28,36,107,127,26,36,553,2500
179,"Nicolas Batum",F,203,104,34,67,316,148,69,37,540,2500
180,"Isaiah Stewart",C,203,113,22,68,453,59,39,86,537,2500
181,"Isaiah Roby",F,203,104,25,61,341,107,52,37,533,2500
182,"Terence Davis",G,193,91,26,61,154,83,44,14,533,2500
183,"Grayson Allen",G,193,90,27,50,160,108,46,8,532,2500
184,"Kenrich Williams",F,198,95,28,66,273,152,55,17,526,2500
185,"Luke Kennard",G,196,93,27,63,161,104,23,9,520,2500
186,"Cory Joseph",G,191,91,31,63,159,213,61,18,517,2500
187,"Payton Pritchard",G,185,88,25,66,158,120,37,9,510,2500
188,"Nickeil Alexander-Walker",G,196,93,24,46,144,102,47,22,508,2500
189,"Blake Griffin",C,206,113,34,46,225,140,32,15,505,2500
190,"Cameron Payne",G,185,83,28,60,144,217,36,16,505,2500
191,"Anfernee Simons",G,191,82,24,64,140,89,18,8,502,2500
192,"Paul Millsap",F,201,117,37,56,262,98,51,36,502,2500
193,"Furkan Korkmaz",G,201,92,25,55,113,82,49,9,501,2500
194,"Georges Niang",F,201,104,30,72,176,59,25,8,500,2500
195,"Royce O'Neale",F,198,103,30,71,485,181,57,32,496,2500
196,"Malik Monk",G,191,91,25,42,101,87,19,4,490,2500
197,"Tyrese Maxey",G,188,91,22,61,104,120,26,13,488,2500
198,"Dwight Howard",C,208,120,36,69,580,61,30,62,482,2500
199,"Khem Birch",C,203,106,30,67,387,89,48,50,482,2500
200,"Eric Gordon",G,191,98,34,27,58,71,14,13,481,2500
201,"Kent Bazemore",G,193,88,32,67,229,108,69,33,481,2500
202,"Monte Morris",G,188,83,28,47,96,150,34,13,481,2500
203,"Aaron Holiday",G,183,84,26,66,89,123,46,13,475,2500
204,"De'Anthony Melton",G,188,91,25,52,161,132,60,31,472,2500
205,"Terance Mann",G,196,98,26,67,242,104,29,13,472,2500
206,"JaMychal Green",F,206,103,33,58,277,53,26,22,471,2500
207,"Pat Connaughton",F,196,95,30,69,332,81,49,23,468,2500
208,"Serge Ibaka",C,211,107,33,41,275,74,9,47,454,2500
209,"Cody Zeller",C,211,109,30,48,328,86,27,17,451,2500
210,"Jaxson Hayes",C,213,100,23,60,257,35,25,38,449,2500
211,"James Wiseman",C,213,109,22,39,226,26,11,36,448,2500
212,"Tomas Satoransky",G,201,95,30,58,142,271,40,14,447,2500
213,"Draymond Green",F,198,104,33,63,448,558,105,52,444,2500
214,"Tyus Jones",G,188,89,27,70,140,259,64,6,442,2500
215,"Wayne Ellington",G,193,94,34,46,85,67,18,9,442,2000
216,"D.J. Augustin",G,180,83,34,57,94,188,28,1,438,2000
217,"Steven Adams",C,211,120,29,58,514,111,54,38,438,2000
218,"Dario Saric",F,208,102,29,50,190,65,30,4,437,2000
219,"Josh Hart",F,193,98,28,47,377,109,38,12,434,2000
220,"Kevin Porter Jr.",G,193,92,23,26,99,164,19,8,431,2000
221,"Jaden McDaniels",F,206,84,22,63,232,71,35,60,427,2000
222,"DeAndre Jordan",C,211,120,34,57,427,93,17,65,426,2000
223,"Jusuf Nurkic",C,213,132,28,37,332,125,38,39,424,2000
224,"Alex Len",C,218,113,30,64,260,49,20,64,423,2000
225,"Garrett Temple",G,198,88,37,56,160,124,43,30,423,2000
226,"KJ Martin",F,198,97,22,45,242,48,30,41,419,2000
227,"Robert Williams III",C,206,108,25,52,358,94,43,91,417,2000
228,"Sterling Brown",F,196,99,28,51,224,72,38,12,416,2000
229,"Trey Burke",G,183,84,29,62,54,81,36,7,411,2000
230,"Tristan Thompson",F,206,115,31,54,439,67,24,33,409,2000
231,"Markieff Morris",F,206,111,33,61,266,73,22,19,407,2000
232,"Ben McLemore",G,191,88,29,53,100,39,23,9,406,2000
233,"Denzel Valentine",G,193,100,28,62,197,105,30,7,406,2000
234,"Edmond Sumner",G,193,89,27,53,94,49,33,10,399,2000
235,"Al Horford",C,206,109,37,28,188,94,25,26,398,2000
236,"Derrick Jones Jr.",F,198,95,26,58,205,47,37,54,396,2000
237,"Facundo Campazzo",G,178,88,32,65,134,232,79,14,396,2000
238,"Frank Jackson",G,191,93,25,40,86,36,15,1,390,2000
239,"Xavier Tillman",F,201,111,24,59,256,75,44,33,390,2000
240,"Taurean Prince",F,198,99,29,41,142,76,28,23,389,2000
241,"Gary Harris",G,193,95,28,39,79,78,28,11,388,2000
242,"PJ Dozier",F,198,93,26,50,182,92,31,22,385,2000
243,"Eric Paschall",F,198,116,25,40,128,51,12,7,381,2000
244,"Daniel Gafford",C,208,106,24,54,231,29,26,75,380,2000
245,"Jaylen Nowell",G,193,91,23,42,95,62,22,12,379,2000
246,"Dean Wade",F,206,103,26,63,215,74,35,21,376,2000
247,"Juancho Hernangomez",F,206,97,27,52,205,35,19,7,375,2000
248,"Damion Lee",G,196,95,30,57,180,73,38,8,373,2000
249,"Jeff Teague",G,191,88,33,55,88,132,34,12,371,2000
250,"Alex Caruso",G,196,84,29,58,170,160,64,15,370,2000
251,"Moses Brown",C,218,111,23,43,383,10,31,47,370,2000
252,"Timothe Luwawu-Cabarrot",G,201,98,27,58,129,69,33,6,370,2000
253,"Derrick Favors",C,206,120,30,68,376,44,32,68,369,2000
254,"James Johnson",F,201,109,36,51,177,98,42,42,368,2000
255,"Aleksej Pokusevski",F,213,95,21,45,212,97,20,42,367,2000
256,"Mo Bamba",C,213,105,25,46,265,35,14,58,367,2000
257,"DeMarcus Cousins",F,208,122,31,41,263,76,34,24,366,2000
258,"Willy Hernangomez",C,211,113,29,47,334,50,22,23,365,2000
259,"Jeremy Lamb",G,196,82,30,36,131,53,34,23,363,2000
260,"Garrison Mathews",G,198,98,26,64,87,26,29,7,354,2000
261,"R.J. Hampton",G,193,79,22,51,179,87,21,10,354,2000
262,"Malachi Flynn",G,185,79,25,47,116,137,38,7,353,2000
263,"Maxi Kleber",F,208,109,31,50,260,68,24,35,353,2000
264,"Ty Jerome",G,196,88,25,33,91,120,20,6,353,2000
265,"LaMarcus Aldridge",F,211,113,36,26,118,49,11,29,352,2000
266,"Chuma Okeke",F,203,104,24,45,181,101,48,22,349,2000
267,"Jalen McDaniels",F,206,93,25,47,169,53,28,19,346,2000
268,"James Ennis III",F,198,98,31,41,166,62,32,7,345,2000
269,"De'Andre Hunter",F,203,100,25,23,110,44,19,12,344,2000
270,"Jarred Vanderbilt",F,203,97,24,64,368,76,64,46,344,2000
271,"Kira Lewis Jr.",G,185,77,22,54,71,124,38,10,343,2000
272,"Deni Avdija",F,206,95,22,54,262,63,32,15,342,2000
273,"Dwight Powell",C,208,109,31,58,234,63,36,30,342,2000
274,"Devin Vassell",G,196,91,22,62,174,56,43,18,341,2000
275,"Mike Muscala",C,211,109,31,35,132,28,8,11,339,2000
276,"JaVale McGee",C,213,122,35,46,239,39,19,54,337,2000
277,"Mychal Mulder",G,191,88,28,60,60,26,12,12,337,2000
278,"Brad Wanamaker",G,191,95,32,61,105,174,43,11,336,2000
279,"Bismack Biyombo",C,203,116,30,66,347,81,17,74,331,2000
280,"JJ Redick",G,191,91,37,44,64,51,11,3,327,2000
281,"Larry Nance Jr.",C,203,111,30,35,235,107,61,17,327,2000
282,"Aron Baynes",C,208,118,34,53,273,47,17,22,324,2000
283,"Nerlens Noel",C,208,100,29,64,407,46,70,141,324,2000
284,"Solomon Hill",F,198,103,31,71,214,75,50,11,317,2000
285,"Josh Okogie",G,193,97,24,59,156,63,54,28,316,2000
286,"Danuel House Jr.",F,198,100,30,36,132,69,20,16,315,2000
287,"Drew Eubanks",C,208,111,26,54,241,42,18,49,311,2000
288,"Frank Kaminsky",C,213,109,30,47,188,79,14,17,310,2000
289,"Moritz Wagner",C,211,111,26,45,146,50,26,18,310,2000
290,"Damyean Dotson",G,196,95,28,46,93,91,16,4,308,2000
291,"Kevin Love",F,203,114,34,25,186,63,16,2,305,2000
292,"Precious Achiuwa",C,203,102,23,61,208,29,20,28,304,2000
293,"Juan Toscano-Anderson",F,198,95,30,53,235,150,41,26,301,2000
294,"Tony Bradley",C,211,112,25,42,239,37,15,30,300,2000
295,"Ish Smith",G,183,79,34,44,150,172,32,13,295,2000
296,"Grant Williams",F,198,107,24,63,178,64,32,24,294,2000
297,"DeAndre' Bembry",G,196,95,27,51,146,107,53,18,293,2000
298,"Hassan Whiteside",C,213,120,33,36,215,20,9,46,293,2000
299,"Cam Reddish",F,201,98,23,26,104,35,33,9,292,2000
300,"Austin Rivers",G,193,91,30,36,82,81,30,2,285,2000
301,"Sekou Doumbouya",F,206,104,21,56,143,47,24,9,285,2000
302,"Trevor Ariza",G,203,98,37,30,144,55,31,18,282,2000
303,"Willie Cauley-Stein",C,213,109,28,53,236,35,21,43,280,2000
304,"Wesley Matthews",F,196,100,36,58,93,54,38,17,279,2000
305,"Patrick Beverley",G,188,82,34,37,119,76,29,28,278,2000
306,"David Nwaba",G,196,99,29,30,118,31,30,21,276,2000
307,"Andre Iguodala",F,198,98,39,63,221,142,57,35,275,2000
308,"Michael Carter-Williams",G,196,86,31,31,139,129,25,17,274,2000
309,"Torrey Craig",F,201,100,32,50,197,49,28,27,274,2000
310,"Otto Porter Jr.",F,203,90,30,28,152,55,16,4,271,2000
311,"Saben Lee",G,188,83,24,48,97,174,32,13,267,2000
312,"Stanley Johnson",F,198,110,27,61,153,89,52,18,267,2000
313,"Chasson Randle",G,188,84,28,41,82,74,22,5,266,2000
314,"Caleb Martin",F,196,93,27,53,141,67,37,12,264,2000
315,"Marc Gasol",C,211,116,36,52,215,109,26,58,262,2000
316,"George Hill",G,193,85,37,30,61,73,23,5,261,2000
317,"Semi Ojeleye",F,198,109,27,56,147,37,17,0,260,2000
318,"Gorgui Dieng",C,208,112,33,38,140,48,26,16,258,2000
319,"Jordan McLaughlin",G,183,84,27,51,108,193,51,6,256,2000
320,"Mitchell Robinson",C,213,109,25,31,252,17,35,45,256,2000
321,"Matisse Thybulle",G,196,91,26,65,124,63,105,71,255,2000
322,"Obi Toppin",F,206,100,25,62,138,29,17,15,253,1500
323,"Kevon Looney",C,206,101,27,61,322,119,21,22,251,1500
324,"Tony Snell",G,198,97,30,47,112,59,13,11,249,1500
325,"Jevon Carter",G,185,91,27,60,92,71,29,9,248,1500
326,"Naji Marshall",F,201,100,25,32,148,88,26,10,246,1500
327,"Rodney Hood",F,203,94,29,55,103,53,24,7,246,1500
328,"Justin Jackson",F,203,100,28,34,77,52,15,2,245,1500
329,"Gabe Vincent",G,188,91,27,50,56,67,21,2,242,1500
330,"Nemanja Bjelica",F,206,106,34,37,127,69,15,5,242,1500
331,"Rajon Rondo",G,185,82,36,45,110,199,37,4,242,1500
332,"Taj Gibson",C,206,105,38,45,250,36,31,49,241,1500
333,"Isaiah Hartenstein",C,213,113,25,46,181,55,19,39,236,1500
334,"Max Strus",F,196,98,27,39,41,24,11,2,236,1500
335,"Goga Bitadze",C,211,113,23,45,150,37,9,60,231,1500
336,"Jake Layman",F,203,95,28,45,67,28,29,19,231,1500
337,"Oshae Brissett",F,201,95,25,21,115,18,19,20,229,1500
338,"Brandon Goodwin",F,183,82,26,47,69,95,17,0,228,1500
339,"Onyeka Okongwu",C,206,109,22,50,163,18,23,33,228,1500
340,"Chimezie Metu",F,206,102,26,36,112,28,14,18,226,1500
341,"Armoni Brooks",G,191,88,24,20,68,30,12,5,223,1500
342,"Nassir Little",F,196,100,23,48,128,23,5,13,220,1500
343,"Aaron Nesmith",F,196,98,23,46,127,23,15,9,218,1500
344,"Yuta Watanabe",F,203,98,28,50,159,40,26,19,218,1500
345,"Mike Scott",F,201,108,32,51,120,40,24,14,213,1500
346,"Nic Claxton",C,211,98,24,32,166,28,23,40,212,1500
347,"Tyler Johnson",G,191,84,30,39,77,47,14,0,210,1500
348,"Cody Martin",F,198,93,27,52,161,86,37,12,207,1500
349,"Patrick Patterson",F,203,107,32,38,75,29,14,8,197,1500
350,"Maurice Harkless",F,201,100,29,37,89,44,30,20,194,1500
351,"P.J. Tucker",F,196,111,38,52,204,61,39,20,193,1500
352,"Langston Galloway",G,185,91,30,40,42,26,8,0,190,1500
353,"John Konchar",F,196,95,27,43,128,47,30,9,184,1500
354,"D.J. Wilson",F,208,105,26,35,112,23,11,16,183,1500
355,"Damian Jones",C,211,111,28,39,121,29,11,29,183,1500
356,"Jarrett Culver",F,198,88,24,34,104,24,17,9,180,1500
357,"Justise Winslow",F,198,101,27,26,118,50,15,12,178,1500
358,"Killian Hayes",G,196,88,21,26,69,138,27,10,176,1500
359,"Avery Bradley",G,191,82,31,27,57,46,21,3,173,1500
360,"Jordan Nwora",F,206,102,24,30,60,7,17,8,171,1500
361,"Mason Jones",G,193,91,23,32,55,42,7,1,168,1500
362,"Thanasis Antetokounmpo",F,201,99,30,57,124,46,22,10,166,1500
363,"Lamar Stevens",F,198,104,25,40,96,25,17,13,165,1500
364,"Kevin Knox II",F,201,98,23,42,61,19,12,6,163,1500
365,"Dylan Windler",F,201,89,26,31,107,33,19,12,161,1500
366,"Troy Brown Jr.",F,201,98,23,34,105,29,10,6,161,1500
367,"Abdel Nader",F,196,102,28,24,62,19,10,9,160,1500
368,"Jaren Jackson Jr.",C,208,110,23,11,62,12,12,18,158,1500
369,"Kelan Martin",F,196,104,26,35,78,17,10,10,157,1500
370,"Boban Marjanovic",C,224,132,34,33,128,10,2,6,156,1500
371,"Tyler Cook",F,203,116,24,32,95,17,8,2,156,1500
372,"Dennis Smith Jr.",G,188,93,25,23,55,77,23,14,154,1500
373,"Isaiah Joe",G,191,75,23,41,36,20,12,4,153,1500
374,"Javonte Green",F,196,93,29,41,71,17,28,6,146,1500
375,"Jahlil Okafor",C,208,122,25,27,66,13,6,5,145,1500
376,"Thomas Bryant",C,208,112,25,10,61,15,4,8,143,1500
377,"Amir Coffey",F,201,95,26,44,44,22,10,0,140,1500
378,"Justin James",F,201,86,24,36,30,22,8,3,139,1500
379,"Matt Thomas",G,191,86,27,45,44,19,4,0,139,1500
380,"Ryan Arcidiacono",G,191,88,29,44,67,56,9,0,136,1500
381,"Zeke Nnaji",F,206,109,22,42,65,10,8,4,136,1500
382,"JaKarr Sampson",F,201,97,28,29,77,4,2,14,134,1500
383,"Nicolo Melli",F,206,107,30,45,122,44,14,3,134,1500
384,"Anthony Lamb",F,198,103,25,24,70,23,6,5,133,1500
385,"E'Twaun Moore",G,191,87,32,27,45,40,15,5,133,1500
386,"DaQuan Jeffries",G,196,101,24,31,71,22,15,10,127,1500
387,"Brodric Thomas",G,196,84,25,32,53,30,15,10,125,1500
388,"Nathan Knight",C,203,115,25,33,72,8,9,10,124,1500
389,"Skylar Mays",G,193,93,25,33,35,30,14,2,124,1500
390,"Carsen Edwards",G,180,91,24,31,26,14,7,1,123,1500
391,"Nico Mannion",G,188,86,20,30,46,70,16,1,123,1500
392,"Alfonzo McKinnie",F,201,98,29,39,54,6,7,0,122,1500
393,"Luka Samanic",F,208,103,23,33,68,15,8,8,122,1500
394,"Glenn Robinson III",G,198,101,27,23,45,20,4,3,121,1500
395,"Gary Clark",F,198,102,27,39,115,31,13,7,119,1500
396,"Jaylen Hoard",F,203,98,23,19,65,24,13,5,116,1500
397,"Trey Lyles",F,206,106,27,23,86,14,6,1,115,1500
398,"Dewayne Dedmon",C,208,111,33,16,86,12,9,6,113,1500
399,"Freddie Gillespie",F,206,111,25,20,97,9,13,20,111,1500
400,"Paul Watson",F,198,95,27,27,45,17,6,3,111,1500
401,"Harry Giles III",F,211,109,23,38,133,29,8,13,108,1500
402,"Chandler Hutchison",G,198,95,26,25,78,17,12,5,107,1500
403,"Luke Kornet",C,218,113,27,31,67,24,4,32,106,1500
404,"Markus Howard",G,178,79,23,37,21,18,4,1,105,1500
405,"Miye Oni",G,196,93,24,54,84,28,11,8,105,1500
406,"Markelle Fultz",G,193,95,25,8,25,43,8,2,103,1500
407,"Al-Farouq Aminu",F,203,100,30,23,110,31,19,9,102,1500
408,"Josh Green",G,201,91,22,39,78,28,16,3,101,1500
409,"Mike James",G,185,79,30,13,32,54,6,1,100,1500
410,"Tremont Waters",G,178,79,24,26,21,62,15,1,99,1500
411,"Wes Iwundu",F,198,88,27,41,90,18,15,4,99,1500
412,"Jalen Harris",G,196,88,22,13,18,17,8,0,96,1500
413,"Mfiondu Kabengele",F,208,113,25,39,60,17,8,13,95,1500
414,"Alize Johnson",F,203,96,27,18,90,14,5,5,94,1500
415,"Tre Jones",G,185,84,23,37,21,39,8,0,94,1500
416,"KZ Okpala",F,203,98,24,37,68,19,10,11,92,1500
417,"Ignas Brazdeikis",F,198,100,23,13,45,17,4,3,91,1500
418,"Rodney McGruder",G,193,93,31,16,22,16,8,1,91,1500
419,"Frank Ntilikina",G,193,91,24,33,31,19,18,4,89,1500
420,"Sam Merrill",G,193,93,27,30,30,21,8,1,89,1500
421,"Chris Chiozza",G,180,79,26,22,24,65,7,6,88,1500
422,"Paul Reed",C,206,95,24,26,61,12,10,13,88,1500
423,"Trent Forrest",G,193,95,25,30,44,45,9,4,88,1500
424,"Kyle Guy",G,185,76,24,31,35,32,6,0,87,1500
425,"Josh Hall",F,206,86,20,21,59,28,4,1,86,1500
426,"Vlatko Cancar",F,203,107,26,41,50,14,11,2,85,1500
427,"Gabriel Deck",F,198,105,27,10,40,24,8,0,84,1500
428,"Jerome Robinson",G,193,86,24,17,38,25,12,6,83,1500
429,"Khyri Thomas",G,191,95,25,5,18,25,9,6,82,1000
430,"Anthony Gill",F,203,104,30,26,51,11,10,4,80,1000
431,"Keita Bates-Diop",F,203,104,27,30,49,12,11,5,79,1000
432,"Isaac Bonga",G,203,82,22,40,66,23,11,9,78,1000
433,"Reggie Perry",F,203,113,22,26,73,14,6,6,78,1000
434,"Quinn Cook",G,185,82,28,23,17,18,4,1,76,1000
435,"Darius Miller",F,198,102,31,18,24,21,13,5,73,1000
436,"Donta Hall",C,208,104,23,13,62,11,5,10,73,1000
437,"Shaquille Harrison",G,193,88,29,34,48,25,17,5,73,1000
438,"Jabari Parker",F,201,111,27,13,42,11,1,5,72,1000
439,"Wenyen Gabriel",C,206,93,26,21,54,11,9,8,72,1000
440,"Justin Patton",C,211,109,24,13,49,14,12,14,70,1000
441,"Bol Bol",F,218,100,23,32,24,7,3,10,69,1000
442,"CJ Elleby",F,198,91,22,30,32,10,6,3,68,1000
443,"Ersan Ilyasova",F,206,107,34,17,29,4,10,3,65,1000
444,"Jarrell Brantley",F,196,113,27,28,27,15,7,2,64,1000
445,"T.J. Warren",F,203,100,29,4,14,5,2,0,62,1000
446,"Killian Tillie",C,206,100,24,18,24,8,5,8,57,1000
447,"Jordan Bone",G,188,82,23,14,24,18,2,0,56,1000
448,"Romeo Langford",G,196,98,23,18,35,13,6,5,56,1000
449,"Yogi Ferrell",G,183,81,28,10,19,22,7,3,56,1000
450,"Daniel Oturu",C,203,109,22,30,48,10,4,7,54,1000
451,"Jalen Smith",C,206,98,23,27,37,4,1,4,53,1000
452,"Bruno Fernando",C,208,109,24,33,78,10,4,3,51,1000
453,"Dakota Mathias",G,193,91,26,8,7,13,1,3,48,1000
454,"Ed Davis",F,206,99,33,23,115,21,13,13,48,1000
455,"Tacko Fall",C,229,141,26,19,52,3,1,20,47,1000
456,"Quinndary Weatherspoon",G,191,93,25,20,11,8,8,2,46,1000
457,"Vernon Carey Jr.",C,208,122,22,19,27,2,1,5,46,1000
458,"Louis King",F,201,93,24,6,18,9,7,3,44,1000
459,"Mamadi Diakite",C,206,103,26,14,34,8,6,5,44,1000
460,"Cameron Oliver",F,203,108,25,4,21,5,2,4,43,1000
461,"Robert Franks",F,201,102,24,7,14,5,3,3,43,1000
462,"Cassius Winston",G,185,84,24,22,9,12,2,1,41,1000
463,"Deividas Sirvydis",G,203,86,22,20,29,5,2,0,41,1000
464,"Nate Hinton",G,196,95,23,21,9,8,7,2,41,1000
465,"Sindarius Thornwell",G,193,98,26,21,18,21,13,2,41,1000
466,"Charlie Brown Jr.",G,198,90,25,9,17,9,4,2,40,1000
467,"Jahmi'us Ramsey",G,191,86,21,13,10,6,4,1,40,1000
468,"Devontae Cacok",C,201,109,25,20,32,1,5,4,39,1000
469,"Sean McDermott",F,198,88,24,18,19,4,2,3,39,1000
470,"Cassius Stanley",G,196,86,22,24,20,1,1,2,36,1000
471,"Matthew Dellavedova",G,191,91,32,13,24,58,4,1,36,1000
472,"Jay Scrubb",G,196,100,22,4,14,1,4,0,35,1000
473,"Juwan Morgan",F,201,105,25,29,28,9,4,1,35,1000
474,"Devin Cannady",G,188,83,26,8,5,1,5,1,34,1000
475,"Rayjon Tucker",G,191,95,24,14,11,6,2,0,34,1000
476,"Chris Silva",F,203,106,26,15,27,6,1,6,32,1000
477,"Elijah Hughes",G,196,98,24,18,9,6,1,1,31,1000
478,"Rodions Kurucs",F,206,103,23,21,23,10,9,4,31,1000
479,"Thon Maker",F,213,100,24,8,18,4,2,4,30,1000
480,"Alen Smailagic",C,208,98,20,15,16,4,3,5,28,1000
481,"Rondae Hollis-Jefferson",F,198,98,26,11,26,13,2,4,27,1000
482,"Frank Mason III",G,180,86,29,4,12,12,0,0,25,1000
483,"Gary Payton II",G,188,88,30,10,11,1,6,1,25,1000
484,"Cristiano Felicio",C,211,122,28,18,26,9,4,0,23,1000
485,"Dante Exum",G,196,97,25,6,17,13,4,2,23,1000
486,"Devon Dotson",G,185,84,23,11,5,7,4,0,23,1000
487,"Isaiah Thomas",G,175,84,33,3,4,5,1,0,23,1000
488,"Jeremiah Martin",G,188,84,25,9,7,4,5,2,22,1000
489,"Jontay Porter",F,211,109,21,11,14,1,3,1,22,1000
490,"Justin Robinson",G,185,88,24,9,7,9,3,0,21,1000
491,"Norvel Pelle",C,208,105,29,13,19,2,1,9,20,1000
492,"Robert Woodard II",F,198,107,22,13,16,2,0,3,20,1000
493,"Spencer Dinwiddie",G,196,98,30,3,13,9,2,1,20,1000
494,"Grant Riller",G,188,86,24,7,1,3,1,0,18,1000
495,"Tyler Bey",F,201,98,23,18,19,3,0,1,18,1000
496,"Anthony Tolliver",F,203,109,36,11,10,2,3,2,17,1000
497,"Bruno Caboclo",F,206,99,25,6,14,1,0,2,17,1000
498,"Elijah Bryant",G,196,95,26,1,6,3,0,1,16,1000
499,"Udoka Azubuike",C,211,122,23,15,13,0,1,4,16,1000
500,"Adam Mokoka",G,193,86,22,14,5,5,2,1,15,1000
501,"Cam Reynolds",G,201,102,28,5,5,2,0,0,15,1000
502,"Henry Ellenson",F,208,109,24,2,12,5,0,0,15,1000
503,"James Nunnally",F,201,93,30,9,9,3,0,0,15,1000
504,"Jordan Bell",C,201,98,27,6,24,7,3,5,15,1000
505,"Nick Richards",C,213,111,25,18,11,2,0,0,15,1000
506,"Axel Toupane",F,201,95,28,8,6,4,2,3,14,1000
507,"Amida Brimah",C,208,104,27,5,8,1,0,5,13,1000
508,"Anderson Varejao",F,211,118,38,5,20,3,0,2,13,1000
509,"Marquese Chriss",F,206,109,24,2,13,2,0,2,13,1000
510,"Keljin Blevins",F,193,91,26,17,10,4,2,0,12,1000
511,"Kostas Antetokounmpo",F,208,91,23,15,19,1,2,4,12,1000
512,"T.J. Leaf",F,208,101,24,7,5,1,2,1,12,1000
513,"Karim Mane",G,191,86,21,10,14,4,0,2,11,1000
514,"Tyrell Terry",G,188,73,21,11,6,6,5,0,11,1000
515,"Meyers Leonard",C,213,118,31,3,7,2,0,0,10,1000
516,"Nate Darling",G,198,91,22,7,1,1,0,1,9,1000
517,"Ty-Shon Alexander",G,191,88,22,15,10,6,0,1,9,1000
518,"Didi Louzada",G,196,85,22,3,3,3,2,0,8,1000
519,"Tim Frazier",G,183,77,31,5,8,16,2,1,8,1000
520,"Vincent Poirier",C,213,107,27,10,14,2,0,3,8,1000
521,"Marques Bolden",C,208,113,23,6,6,0,2,2,7,1000
522,"Andre Roberson",G,201,95,29,5,15,4,3,1,6,1000
523,"Jared Dudley",F,198,108,35,12,21,5,1,1,6,1000
524,"Jalen Lecque",G,193,84,21,4,5,2,0,0,5,1000
525,"Kris Dunn",G,191,93,29,4,6,2,2,2,5,1000
526,"Patrick McCaw",G,201,82,25,5,3,4,2,0,5,1000
527,"Ray Spalding",F,206,102,24,2,4,0,0,2,4,1000
528,"Udonis Haslem",C,201,107,43,1,1,0,0,0,4,1000
529,"Brian Bowen II",F,198,86,22,6,3,0,0,0,3,1000
530,"Jared Harper",G,178,79,24,8,2,1,0,0,3,1000
531,"Malik Fitts",F,196,104,24,3,3,0,0,0,3,1000
532,"Iman Shumpert",G,196,96,31,2,1,0,1,0,2,1000
533,"Jaylen Adams",G,183,102,25,7,3,2,0,0,2,1000
534,"Terrance Ferguson",G,198,86,23,13,1,2,1,0,2,1000
535,"Theo Pinson",G,201,96,27,17,5,1,0,0,2,1000
536,"Anzejs Pasecniks",C,216,104,25,1,1,1,0,0,0,1000
537,"Ashton Hagans",G,191,86,21,2,0,0,0,0,0,1000
538,"Greg Whittington",F,203,95,28,4,0,0,0,0,0,1000
539,"Noah Vonleh",C,208,117,27,4,1,1,0,0,0,1000
540,"Will Magnay",C,208,106,23,1,0,0,0,0,0,1000
